StartDate,EndDate,Status,IPAddress,Progress,Duration (in seconds),Finished,RecordedDate,ResponseId,LocationLatitude,LocationLongitude,DistributionChannel,UserLanguage,Q_RecaptchaScore,Age,GenderIdentity,GenderIdentity_6_TEXT,RaceEthnicity,RaceEthnicity_8_TEXT,DisabilityStatus,Level,HighPotential,DevelopmentPrograms,InformalHighPotentia,Tenure,Leadership exper
Start Date,End Date,Response Type,IP Address,Progress,Duration (in seconds),Finished,Recorded Date,Response ID,Location Latitude,Location Longitude,Distribution Channel,User Language,Q_RecaptchaScore,What is your current age in years? Please enter a whole number.,How do you describe yourself? - Selected Choice,How do you describe yourself? - Other (please specify) - Text,To which racial/ethnic identity do you most identify? - Selected Choice,To which racial/ethnic identity do you most identify? - Other (please specify) - Text,Do you have a disability? (Either a physical or cognitive disability),Please select the choice that most closely describes your level in your organization.,Have you been formally identified by your organization as a high potential employee.,"Do you participate in development program(s) designed to fast-track participants"" careers (e.g., job rotations, executive MBA program).",Have you been told informally by my organization that you are on an accelerated career path.,How many years have you worked for your current employer? Please enter a whole number.,How many years of leadership experience do you have? Please enter a whole number.
11/6/24 12:21,11/6/24 12:22,Survey Preview,,100,27,True,11/6/24 12:22,R_7IlWE6XAp3CnwdH,33.8693,-117.9296,preview,EN,1,21,,,,,,,,,,,
11/6/24 12:22,11/6/24 12:22,Survey Preview,,100,28,True,11/6/24 12:22,R_7QM7yQV6T9zB6eb,33.8693,-117.9296,preview,EN,1,,,,,,,,,,,,
11/6/24 16:11,11/6/24 16:12,IP Address,217.236.241.197,100,30,True,11/6/24 16:12,R_2D6oc4kYXaXjob1,48.767,9.1827,anonymous,EN,1,33,Male,,Asian / Indian / Southeast Asian,,No,Lower-level manager (supervise one or more employees),No,Yes,No,33,
11/6/24 17:02,11/6/24 17:03,IP Address,217.236.241.197,100,31,True,11/6/24 17:03,R_81BPjrSL439TGsX,48.767,9.1827,anonymous,EN,1,21,Male,,Asian / Indian / Southeast Asian,,No,Lower-level manager (supervise one or more employees),Yes,No,Yes,3,4
11/6/24 17:20,11/6/24 17:21,IP Address,70.23.91.76,100,59,True,11/6/24 17:21,R_6HJIWMfHrdgiWLT,40.6295,-74.0938,anonymous,EN,1,48,Female,,White / Caucasian / European (non-Hispanic),,No,Entry-level non-management / Individual contributor (do not supervise anyone),No,No,No,5,1
11/6/24 17:20,11/6/24 17:23,IP Address,73.184.103.26,100,144,True,11/6/24 17:23,R_5zBXNNYSPg73EqY,33.7173,-84.4783,anonymous,EN,1,60,Male,,American Indian / Alaska Native / Indigenous,,Yes,Senior/Executive,Yes,Yes,Yes,14,30
11/6/24 17:27,11/6/24 17:27,IP Address,5.151.106.201,100,39,True,11/6/24 17:27,R_2ptIHfhtoa6v22A,51.4866,-3.1549,anonymous,EN,1,21,Female,,Mixed / Multiple Identity,,No,Lower-level manager (supervise one or more employees),Yes,No,No,3,1
11/6/24 17:27,11/6/24 17:27,IP Address,81.79.178.41,100,50,True,11/6/24 17:28,R_2kNca6KniqSYuoQ,52.9994,-1.1318,anonymous,EN,1,45,Female,,White / Caucasian / European (non-Hispanic),,No,Lower-level manager (supervise one or more employees),Yes,Yes,Yes,10,6
11/6/24 17:26,11/6/24 17:28,IP Address,174.165.213.76,100,89,True,11/6/24 17:28,R_7gIbInSNvBld3Mk,47.626,-122.0404,anonymous,EN,1,53,Male,,White / Caucasian / European (non-Hispanic),,No,Senior/Executive,No,No,No,4,20
11/6/24 17:26,11/6/24 17:28,IP Address,148.252.156.177,100,77,True,11/6/24 17:28,R_2vztO13jajyWdXz,51.4964,-0.1224,anonymous,EN,1,36,Male,,White / Caucasian / European (non-Hispanic),,No,Senior/Executive,No,No,No,7,7
11/6/24 17:26,11/6/24 17:28,IP Address,174.228.234.18,100,77,True,11/6/24 17:28,R_5zf5l3WVuU9W4QP,39.884,-74.9721,anonymous,EN,1,22,Female,,White / Caucasian / European (non-Hispanic),,Yes,Senior/Executive,Yes,No,No,3,3
11/6/24 17:27,11/6/24 17:28,IP Address,66.170.219.75,100,62,True,11/6/24 17:28,R_7qX1cmXQrUqZwHw,31.3466,-94.8304,anonymous,EN,1,41,Female,,White / Caucasian / European (non-Hispanic),,No,Mid-level,Yes,No,Yes,20,15
11/6/24 17:27,11/6/24 17:28,IP Address,80.229.8.46,100,61,True,11/6/24 17:28,R_8mwTAycMrwvTxQr,51.7385,-2.2194,anonymous,EN,1,54,Male,,White / Caucasian / European (non-Hispanic),,No,Mid-level,No,No,Yes,2,7
11/6/24 17:27,11/6/24 17:28,IP Address,92.24.69.202,100,43,True,11/6/24 17:28,R_2uG0pkhQ5uAFDmF,52.5589,-2.1449,anonymous,EN,1,44,Male,,White / Caucasian / European (non-Hispanic),,No,Mid-level,No,No,No,13,3
11/6/24 17:28,11/6/24 17:29,IP Address,90.242.171.187,100,52,True,11/6/24 17:29,R_8F4hiO64l2Dgzol,52.1915,-0.8986,anonymous,EN,1,22,Male,,Asian / Indian / Southeast Asian,,No,Lower-level manager (supervise one or more employees),Yes,No,No,2,1
11/6/24 17:27,11/6/24 17:30,IP Address,86.23.88.152,100,179,True,11/6/24 17:30,R_2ts9gRopkosaTV9,52.9875,-2.1803,anonymous,EN,1,54,Male,,White / Caucasian / European (non-Hispanic),,No,Mid-level,Yes,No,No,2,12
11/6/24 17:29,11/6/24 17:30,IP Address,76.39.52.133,100,42,True,11/6/24 17:30,R_5TtJFhtxcWVccvm,21.4001,-158.016,anonymous,EN,1,24,Female,,White / Caucasian / European (non-Hispanic),,No,Lower-level manager (supervise one or more employees),Yes,No,Yes,2,1
11/6/24 17:29,11/6/24 17:30,IP Address,57.138.133.160,100,59,True,11/6/24 17:30,R_5S92MRPSV5VUq8l,35.4123,-99.425,anonymous,EN,1,33,Female,,White / Caucasian / European (non-Hispanic),,No,Entry-level non-management / Individual contributor (do not supervise anyone),No,No,No,6,0
11/6/24 17:29,11/6/24 17:30,IP Address,172.56.67.28,100,47,True,11/6/24 17:30,R_5LUQqSfc282oxyb,33.7838,-84.4455,anonymous,EN,1,42,Female,,Black / Caribbean / African / Afro Latin,,No,Mid-level,Yes,Yes,No,11,16
11/6/24 17:28,11/6/24 17:30,IP Address,151.229.9.174,100,128,True,11/6/24 17:30,R_8EZjVWtxG0MtKd8,52.1111,-0.4561,anonymous,EN,1,43,Male,,Black / Caribbean / African / Afro Latin,,No,Lower-level manager (supervise one or more employees),No,No,No,4,7
11/6/24 17:29,11/6/24 17:31,IP Address,188.28.189.40,100,70,True,11/6/24 17:31,R_8Ccxbt8dKoyu9SF,53.8109,-1.637,anonymous,EN,1,34,Male,,Asian / Indian / Southeast Asian,,No,Mid-level,Yes,Yes,Yes,3,2
11/6/24 17:30,11/6/24 17:31,IP Address,73.20.155.4,100,50,True,11/6/24 17:31,R_1KDCe6KoYnSUJJE,33.4734,-82.0111,anonymous,EN,1,48,Female,,White / Caucasian / European (non-Hispanic),,No,Lower-level manager (supervise one or more employees),No,No,Yes,2,1
11/6/24 17:30,11/6/24 17:31,IP Address,99.108.141.65,100,60,True,11/6/24 17:31,R_1L6aww8UMuImqaR,37.4152,-122.1224,anonymous,EN,1,60,Female,,White / Caucasian / European (non-Hispanic),,No,Mid-level,Yes,Yes,Yes,7,10
11/6/24 17:33,11/6/24 17:34,IP Address,31.14.250.90,100,52,True,11/6/24 17:34,R_2rkM9b4qLPj9bgZ,51.5064,-0.02,anonymous,EN,1,33,Female,,White / Caucasian / European (non-Hispanic),,No,Mid-level,Yes,No,Yes,5,7
11/6/24 17:33,11/6/24 17:34,IP Address,2.99.27.239,100,50,True,11/6/24 17:34,R_2r7dFJbdvegEki9,51.6056,0.0124,anonymous,EN,1,41,Female,,White / Caucasian / European (non-Hispanic),,No,Entry-level non-management / Individual contributor (do not supervise anyone),Yes,No,No,2,5
11/6/24 17:36,11/6/24 17:36,IP Address,90.209.131.8,100,45,True,11/6/24 17:36,R_8D6MLC5iVmDoe0F,50.8388,-0.777,anonymous,EN,1,21,Male,,White / Caucasian / European (non-Hispanic),,No,Senior/Executive,Yes,Yes,Yes,7,3
11/6/24 17:37,11/6/24 17:38,IP Address,67.235.207.30,100,76,True,11/6/24 17:38,R_1lILmaG1yK0rik9,28.9351,-81.9903,anonymous,EN,1,39,Male,,White / Caucasian / European (non-Hispanic),,No,Mid-level,Yes,Yes,Yes,20,18
11/6/24 17:37,11/6/24 17:38,IP Address,104.243.6.6,100,51,True,11/6/24 17:38,R_6LAuIhTrJ8quXDv,28.9786,-96.6461,anonymous,EN,1,50,Female,,White / Caucasian / European (non-Hispanic),,No,Lower-level manager (supervise one or more employees),Yes,No,No,14,5
11/6/24 17:37,11/6/24 17:38,IP Address,67.140.201.87,100,80,True,11/6/24 17:38,R_19cHlJp429H9Ocp,34.3337,-83.499,anonymous,EN,1,51,Female,,White / Caucasian / European (non-Hispanic),,No,Senior/Executive,Yes,No,No,20,20
11/6/24 17:38,11/6/24 17:41,IP Address,69.224.113.112,100,168,True,11/6/24 17:41,R_3JORKWEvk7gQrsZ,31.1046,-91.2996,anonymous,EN,1,47,Male,,White / Caucasian / European (non-Hispanic),,No,Mid-level,Yes,Yes,Yes,16,24
11/6/24 17:41,11/6/24 17:42,IP Address,92.8.137.11,100,54,True,11/6/24 17:42,R_8Ppris63P1lcT15,55.867,-4.2621,anonymous,EN,1,33,Male,,White / Caucasian / European (non-Hispanic),,No,Lower-level manager (supervise one or more employees),Yes,No,Yes,10,6
11/6/24 17:43,11/6/24 17:44,IP Address,173.49.32.186,100,94,True,11/6/24 17:44,R_1sX8OAENdWXi6DC,40.2104,-74.8278,anonymous,EN,1,42,Male,,White / Caucasian / European (non-Hispanic),,No,Entry-level non-management / Individual contributor (do not supervise anyone),No,Yes,No,10,5
11/6/24 17:46,11/6/24 17:47,IP Address,108.244.108.193,100,52,True,11/6/24 17:47,R_3m4rBFCMhEz6cvk,29.4187,-98.6882,anonymous,EN,1,32,Male,,"Hispanic / Latino/ Latinx, non-white",,Yes,Lower-level manager (supervise one or more employees),Yes,No,No,7,1
11/6/24 17:45,11/6/24 17:48,IP Address,82.132.238.37,100,144,True,11/6/24 17:48,R_2Iv1QZOVdQBHOMj,53.4994,-2.2433,anonymous,EN,1,29,Female,,Black / Caribbean / African / Afro Latin,,No,Lower-level manager (supervise one or more employees),Yes,Yes,No,2,1
11/6/24 17:44,11/6/24 17:48,IP Address,86.148.107.28,100,230,True,11/6/24 17:48,R_28o2lRlW6o26uYx,50.8429,-0.1158,anonymous,EN,1,27,Female,,White / Caucasian / European (non-Hispanic),,No,Lower-level manager (supervise one or more employees),Yes,Yes,Yes,2,2
11/6/24 17:49,11/6/24 17:50,IP Address,45.29.92.230,100,41,True,11/6/24 17:50,R_1dLeOJjEzd3xMlO,40.2116,-85.4273,anonymous,EN,1,58,Male,,White / Caucasian / European (non-Hispanic),,No,Lower-level manager (supervise one or more employees),No,No,No,16,3
11/6/24 17:58,11/6/24 18:01,IP Address,172.248.112.140,100,128,True,11/6/24 18:01,R_1DbkqPwFQUPlwoV,34.0282,-117.0372,anonymous,EN,1,45,Female,,Asian / Indian / Southeast Asian,,Yes,Senior/Executive,Yes,Yes,Yes,20,15
11/6/24 18:00,11/6/24 18:01,IP Address,135.131.155.56,100,55,True,11/6/24 18:01,R_7KORdPSUuio5yK4,44.5458,-88.1019,anonymous,EN,1,43,Female,,White / Caucasian / European (non-Hispanic),,No,Mid-level,Yes,No,No,21,7
11/6/24 18:07,11/6/24 18:07,IP Address,70.229.205.87,100,56,True,11/6/24 18:07,R_348yBv3lK0dnYtp,35.1063,-89.941,anonymous,EN,0.8999999762,29,Male,,White / Caucasian / European (non-Hispanic),,No,Lower-level manager (supervise one or more employees),Yes,Yes,Yes,4,3
11/6/24 18:07,11/6/24 18:08,IP Address,82.37.125.53,100,70,True,11/6/24 18:08,R_8qPE1k8Ckr7Eg66,55.9552,-3.2,anonymous,EN,1,49,Female,,White / Caucasian / European (non-Hispanic),,No,Lower-level manager (supervise one or more employees),Yes,No,No,24,8
11/6/24 18:08,11/6/24 18:09,IP Address,99.118.208.123,100,38,True,11/6/24 18:09,R_5hkgIf0aK1Egd8d,34.0915,-118.1307,anonymous,EN,1,29,Male,,Asian / Indian / Southeast Asian,,No,Lower-level manager (supervise one or more employees),Yes,Yes,Yes,7,4
11/6/24 18:09,11/6/24 18:10,IP Address,104.176.190.112,100,42,True,11/6/24 18:10,R_3BWzAFYI2wcD4WA,41.9898,-87.7623,anonymous,EN,1,36,Male,,White / Caucasian / European (non-Hispanic),,No,Lower-level manager (supervise one or more employees),No,No,No,10,2
11/6/24 18:10,11/6/24 18:12,IP Address,66.177.3.165,100,137,True,11/6/24 18:12,R_7Pr7X4JmcrdvveV,30.3007,-81.4421,anonymous,EN,1,39,Female,,White / Caucasian / European (non-Hispanic),,Yes,Mid-level,Yes,Yes,No,4,3
11/6/24 18:10,11/6/24 18:12,IP Address,45.46.199.47,100,118,True,11/6/24 18:12,R_74pZ2ecWUlxXbbz,43.0908,-77.4348,anonymous,EN,1,39,Female,,White / Caucasian / European (non-Hispanic),,No,Mid-level,Yes,No,No,8,5
11/6/24 18:16,11/6/24 18:17,IP Address,24.211.244.193,100,76,True,11/6/24 18:17,R_1ifbrRBT4HzuC5P,35.7832,-78.4705,anonymous,EN,1,32,Female,,White / Caucasian / European (non-Hispanic),,Yes,Lower-level manager (supervise one or more employees),Yes,Yes,No,1,5
11/6/24 18:17,11/6/24 18:18,IP Address,2.25.95.137,100,44,True,11/6/24 18:18,R_8dz9l3bMMI9pBjJ,52.0861,-4.1812,anonymous,EN,1,59,Female,,White / Caucasian / European (non-Hispanic),,No,Senior/Executive,Yes,No,Yes,32,30
11/6/24 18:16,11/6/24 18:19,IP Address,80.189.80.226,100,179,True,11/6/24 18:19,R_23dza3p7R8MUFkv,54.4408,-0.8769,anonymous,EN,1,59,Female,,White / Caucasian / European (non-Hispanic),,Yes,Lower-level manager (supervise one or more employees),Yes,No,No,8,5
11/6/24 18:22,11/6/24 18:22,IP Address,82.36.178.197,100,36,True,11/6/24 18:22,R_8mm8BfY9hJYpL5c,53.4036,-2.7475,anonymous,EN,1,28,Female,,White / Caucasian / European (non-Hispanic),,No,Lower-level manager (supervise one or more employees),Yes,Yes,Yes,7,4
11/6/24 18:22,11/6/24 18:25,IP Address,86.13.119.64,100,130,True,11/6/24 18:25,R_2MumwNzk01O30oZ,51.3997,-0.2515,anonymous,EN,1,36,Male,,Asian / Indian / Southeast Asian,,No,Mid-level,Yes,Yes,Yes,4,3
11/6/24 18:34,11/6/24 18:35,IP Address,24.59.147.132,100,74,True,11/6/24 18:35,R_3aFEQOvgO6WUkCs,43.0418,-76.2238,anonymous,EN,1,40,Male,,White / Caucasian / European (non-Hispanic),,No,Senior/Executive,No,No,No,6,3
11/6/24 18:34,11/6/24 18:35,IP Address,92.40.185.136,100,61,True,11/6/24 18:35,R_2a8rADfWMHUt8YC,52.4064,-1.5082,anonymous,EN,1,46,Male,,White / Caucasian / European (non-Hispanic),,No,Entry-level non-management / Individual contributor (do not supervise anyone),No,No,No,8,1
11/6/24 18:38,11/6/24 18:40,IP Address,67.38.20.107,100,80,True,11/6/24 18:40,R_3zd9GGoonLEHE1w,40.0565,-86.0159,anonymous,EN,1,47,Male,,Asian / Indian / Southeast Asian,,No,Lower-level manager (supervise one or more employees),Yes,No,No,11,3
11/6/24 18:44,11/6/24 18:46,IP Address,92.31.63.184,100,95,True,11/6/24 18:46,R_8My7i10LQunCTyn,51.2604,-1.0825,anonymous,EN,1,38,Male,,White / Caucasian / European (non-Hispanic),,No,Mid-level,Yes,Yes,Yes,9,8
11/6/24 18:46,11/6/24 18:47,IP Address,108.29.84.28,100,55,True,11/6/24 18:47,R_6GeJojnklmzhT0a,40.7341,-73.7962,anonymous,EN,1,43,Male,,Asian / Indian / Southeast Asian,,No,Senior/Executive,Yes,No,No,5,15
11/6/24 19:04,11/6/24 19:05,IP Address,67.82.231.98,100,59,True,11/6/24 19:05,R_5HiuXwGBbpSwEnq,40.8372,-74.5613,anonymous,EN,1,47,Male,,"Hispanic / Latino/ Latinx, non-white",,No,Mid-level,No,No,No,25,10
11/6/24 19:11,11/6/24 19:11,IP Address,100.8.77.196,100,44,True,11/6/24 19:11,R_7dT8ao4Z7rL2Rhy,40.7662,-74.0178,anonymous,EN,1,50,Male,,"Hispanic / Latino/ Latinx, non-white",,Yes,Senior/Executive,Yes,Yes,Yes,20,10
11/6/24 19:20,11/6/24 19:21,IP Address,75.43.52.38,100,56,True,11/6/24 19:21,R_1MEUM7w2PN5t2Dp,28.7935,-81.2868,anonymous,EN,1,48,Female,,White / Caucasian / European (non-Hispanic),,No,Mid-level,Yes,Yes,Yes,20,4
11/6/24 19:30,11/6/24 19:31,IP Address,74.71.76.239,100,44,True,11/6/24 19:31,R_5b1R8XTANl0Dujg,40.781,-73.9501,anonymous,EN,1,32,Female,,White / Caucasian / European (non-Hispanic),,No,Lower-level manager (supervise one or more employees),Yes,Yes,Yes,8,3
11/6/24 19:30,11/6/24 19:31,IP Address,75.208.173.61,100,63,True,11/6/24 19:31,R_5q3QkBv9Di4GQNu,36.213,-86.3011,anonymous,EN,1,39,Female,,White / Caucasian / European (non-Hispanic),,No,Entry-level non-management / Individual contributor (do not supervise anyone),Yes,Yes,Yes,17,12
11/6/24 19:30,11/6/24 19:31,IP Address,75.219.99.252,100,60,True,11/6/24 19:31,R_7kB2bMua5Ps3m0S,41.2327,-96.1138,anonymous,EN,1,31,Female,,White / Caucasian / European (non-Hispanic),,No,Entry-level non-management / Individual contributor (do not supervise anyone),No,No,Yes,1,7
11/6/24 19:40,11/6/24 19:41,IP Address,96.29.232.84,100,60,True,11/6/24 19:41,R_5f9tXUsV0fpdT4U,38.7317,-82.9977,anonymous,EN,1,43,Male,,White / Caucasian / European (non-Hispanic),,Yes,Lower-level manager (supervise one or more employees),Yes,Yes,Yes,13,6
11/6/24 19:40,11/6/24 19:41,IP Address,172.59.160.90,100,58,True,11/6/24 19:41,R_3peSxTUAyMjKPKF,37.3512,-121.8846,anonymous,EN,1,30,Male,,"Hispanic / Latino/ Latinx, non-white",,No,Lower-level manager (supervise one or more employees),Yes,Yes,No,5,2
11/6/24 19:54,11/6/24 19:54,IP Address,76.184.5.20,100,43,True,11/6/24 19:54,R_1CUG5QTFMnZpsE4,32.7816,-97.0828,anonymous,EN,1,24,Male,,"Hispanic / Latino/ Latinx, non-white",,No,Lower-level manager (supervise one or more employees),No,No,Yes,5,3
11/6/24 19:54,11/6/24 19:55,IP Address,73.212.172.241,100,38,True,11/6/24 19:55,R_1w6RLXlVsFNbelA,39.3407,-76.6753,anonymous,EN,1,43,Female,,Black / Caribbean / African / Afro Latin,,Yes,Mid-level,Yes,No,No,12,18
11/6/24 19:58,11/6/24 19:59,IP Address,98.46.109.156,100,52,True,11/6/24 19:59,R_3P4w5leX6UQL35l,41.85,-87.7165,anonymous,EN,1,32,Female,,White / Caucasian / European (non-Hispanic),,No,Mid-level,Yes,No,Yes,7,4
11/6/24 19:58,11/6/24 19:59,IP Address,31.94.12.211,100,58,True,11/6/24 19:59,R_2JnnTZxRaR24t5c,51.5573,-0.2971,anonymous,EN,0.8999999762,41,Male,,Asian / Indian / Southeast Asian,,Yes,Senior/Executive,Yes,Yes,Yes,9,17
11/6/24 20:03,11/6/24 20:04,IP Address,174.96.22.92,100,81,True,11/6/24 20:04,R_7d2DULYgvEOXbKV,41.2896,-81.2117,anonymous,EN,1,36,Female,,White / Caucasian / European (non-Hispanic),,No,Lower-level manager (supervise one or more employees),No,No,No,5,4
11/6/24 20:11,11/6/24 20:12,IP Address,104.187.98.213,100,83,True,11/6/24 20:12,R_3sTouMpL4zy6N88,30.1294,-95.4238,anonymous,EN,1,38,Male,,"Hispanic / Latino/ Latinx, non-white",,Yes,Lower-level manager (supervise one or more employees),No,No,No,5,7
11/6/24 20:15,11/6/24 20:16,IP Address,172.56.72.141,100,115,True,11/6/24 20:16,R_3Q4RLtnVH3iJELy,28.5177,-81.4508,anonymous,EN,1,48,Female,,White / Caucasian / European (non-Hispanic),,No,Mid-level,Yes,Yes,Yes,6,14
11/6/24 20:17,11/6/24 20:18,IP Address,107.122.229.74,100,51,True,11/6/24 20:18,R_5DRN1IDWjVc5RmO,36.1058,-95.8472,anonymous,EN,1,38,Female,,White / Caucasian / European (non-Hispanic),,Yes,Senior/Executive,Yes,No,Yes,3,16
11/6/24 20:23,11/6/24 20:24,IP Address,150.143.236.254,100,87,True,11/6/24 20:24,R_8P6qiWPUw2xSo4a,51.3577,1.0638,anonymous,EN,1,60,Male,,White / Caucasian / European (non-Hispanic),,No,Mid-level,Yes,Yes,Yes,14,35
11/6/24 20:28,11/6/24 20:29,IP Address,174.63.95.143,100,43,True,11/6/24 20:29,R_32QWMgPQ5bOex8z,38.8054,-104.7408,anonymous,EN,1,30,Male,,White / Caucasian / European (non-Hispanic),,No,Mid-level,No,Yes,No,6,8
11/6/24 20:29,11/6/24 20:31,IP Address,76.200.95.3,100,123,True,11/6/24 20:31,R_3kFhJBu8zJAI7Ep,36.5246,-87.3465,anonymous,EN,1,45,Female,,Black / Caribbean / African / Afro Latin,,No,Entry-level non-management / Individual contributor (do not supervise anyone),Yes,Yes,Yes,10,6
11/6/24 20:48,11/6/24 20:52,IP Address,96.227.218.204,100,271,True,11/6/24 20:52,R_5qwkSH8y44PJCoR,39.7007,-75.7419,anonymous,EN,1,25,Other (please specify),Agender,White / Caucasian / European (non-Hispanic),,Yes,Entry-level non-management / Individual contributor (do not supervise anyone),No,No,No,1,0
11/6/24 20:52,11/6/24 20:58,IP Address,174.211.230.126,100,399,True,11/6/24 20:59,R_1rmJKwfSHA7XcTT,28.6225,-81.4317,anonymous,EN,1,37,Male,,"Hispanic / Latino/ Latinx, non-white",,No,Senior/Executive,Yes,Yes,Yes,16,10
11/6/24 20:59,11/6/24 21:00,IP Address,172.248.197.68,100,56,True,11/6/24 21:00,R_7P1M6uwyhcVpmW1,33.5631,-117.2738,anonymous,EN,1,60,Male,,White / Caucasian / European (non-Hispanic),,No,Senior/Executive,No,No,No,24,36
11/6/24 21:00,11/6/24 21:01,IP Address,185.100.169.226,100,101,True,11/6/24 21:01,R_8V28buBbCOJee3d,51.5074,-0.1196,anonymous,EN,1,62,Female,,White / Caucasian / European (non-Hispanic),,No,Mid-level,Yes,Yes,Yes,25,10
11/6/24 21:08,11/6/24 21:08,IP Address,97.101.153.209,100,45,True,11/6/24 21:08,R_5fTR1lKIXG8v10Y,28.3758,-81.1824,anonymous,EN,1,35,Male,,Asian / Indian / Southeast Asian,,No,Lower-level manager (supervise one or more employees),Yes,No,No,2,1
11/6/24 21:33,11/6/24 21:33,IP Address,47.187.50.142,100,47,True,11/6/24 21:33,R_3OZpXGl6juyOtoh,32.8489,-96.9667,anonymous,EN,1,38,Male,,White / Caucasian / European (non-Hispanic),,No,Mid-level,Yes,Yes,Yes,14,5
11/6/24 21:34,11/6/24 21:35,IP Address,77.98.131.87,100,76,True,11/6/24 21:35,R_2GHSB92F0sKlQQA,52.4064,-1.5082,anonymous,EN,1,49,Male,,White / Caucasian / European (non-Hispanic),,No,Lower-level manager (supervise one or more employees),No,No,No,15,20
11/6/24 21:53,11/6/24 21:54,IP Address,172.56.194.182,100,72,True,11/6/24 21:54,R_3Hl3yWYQcOqiWbL,42.2904,-71.0712,anonymous,EN,1,42,Male,,White / Caucasian / European (non-Hispanic),,No,Mid-level,No,No,No,11,6
11/6/24 21:56,11/6/24 21:57,IP Address,86.19.108.102,100,52,True,11/6/24 21:57,R_2cA4vdlLuJKsMv9,53.5621,-0.0808,anonymous,EN,1,31,Female,,White / Caucasian / European (non-Hispanic),,Yes,Lower-level manager (supervise one or more employees),No,No,No,8,5
11/6/24 22:04,11/6/24 22:05,IP Address,92.40.217.187,100,55,True,11/6/24 22:05,R_2TLBT29jvAmNUjl,52.4867,-1.8989,anonymous,EN,0.8999999762,29,Male,,White / Caucasian / European (non-Hispanic),,Yes,Lower-level manager (supervise one or more employees),No,No,No,3,5
11/6/24 22:06,11/6/24 22:06,IP Address,50.125.95.154,100,44,True,11/6/24 22:06,R_5ryuYaTWy5VjCcV,47.8022,-122.286,anonymous,EN,1,44,Male,,Asian / Indian / Southeast Asian,,No,Lower-level manager (supervise one or more employees),Yes,No,Yes,18,10
11/6/24 22:10,11/6/24 22:11,IP Address,138.250.188.85,100,59,True,11/6/24 22:11,R_2BHwZIPsBTrLGyl,52.1043,-0.5498,anonymous,EN,1,28,Female,,Black / Caribbean / African / Afro Latin,,No,Mid-level,Yes,No,Yes,3,2
11/6/24 22:15,11/6/24 22:17,IP Address,176.26.140.85,100,85,True,11/6/24 22:17,R_2maW8xiBkUjYsjQ,51.6515,-0.2027,anonymous,EN,1,41,Female,,White / Caucasian / European (non-Hispanic),,No,Mid-level,No,No,No,7,12
11/6/24 22:17,11/6/24 22:18,IP Address,172.114.169.103,100,106,True,11/6/24 22:19,R_7mysP9neLrQxnrj,33.8697,-118.3693,anonymous,EN,1,53,Female,,White / Caucasian / European (non-Hispanic),,No,Lower-level manager (supervise one or more employees),Yes,No,Yes,18,14
11/6/24 22:19,11/6/24 22:21,IP Address,85.255.235.64,100,143,True,11/6/24 22:21,R_2X2WXZ76MrOikgN,51.4964,-0.1224,anonymous,EN,1,21,Male,,White / Caucasian / European (non-Hispanic),,Yes,Entry-level non-management / Individual contributor (do not supervise anyone),Yes,Yes,Yes,4,4
11/6/24 22:23,11/6/24 22:24,IP Address,146.200.209.159,100,65,True,11/6/24 22:24,R_8rOqgjFnkplJjSs,52.4038,0.2263,anonymous,EN,1,52,Male,,White / Caucasian / European (non-Hispanic),,No,Lower-level manager (supervise one or more employees),No,No,No,10,4
11/6/24 22:23,11/6/24 22:24,IP Address,86.14.39.247,100,42,True,11/6/24 22:24,R_2azuPjMltYEbNt6,51.3997,-0.2515,anonymous,EN,1,30,Male,,White / Caucasian / European (non-Hispanic),,No,Mid-level,Yes,No,Yes,7,1
11/6/24 22:33,11/6/24 22:39,IP Address,31.94.13.20,100,402,True,11/6/24 22:39,R_8n7WqmBJ53u7fqI,51.5573,-0.2971,anonymous,EN,0.8999999762,58,Female,,White / Caucasian / European (non-Hispanic),,No,Lower-level manager (supervise one or more employees),Yes,Yes,Yes,6,6
11/6/24 22:53,11/6/24 22:53,IP Address,212.159.106.248,100,45,True,11/6/24 22:53,R_8C3FostpJ9SS5VT,51.9551,-0.916,anonymous,EN,1,38,Female,,White / Caucasian / European (non-Hispanic),,No,Mid-level,Yes,Yes,No,8,8
11/6/24 22:54,11/6/24 22:56,IP Address,172.58.164.148,100,116,True,11/6/24 22:56,R_3fHYyVc27Se0LRV,41.946,-87.7033,anonymous,EN,0.6000000238,31,Male,,Black / Caribbean / African / Afro Latin,,No,Lower-level manager (supervise one or more employees),Yes,Yes,Yes,2,1
11/6/24 22:59,11/6/24 23:00,IP Address,81.159.246.213,100,55,True,11/6/24 23:00,R_8wzW1GIVFc9moBr,51.3926,1.4046,anonymous,EN,1,42,Female,,White / Caucasian / European (non-Hispanic),,No,Lower-level manager (supervise one or more employees),No,No,No,6,15
11/6/24 22:59,11/6/24 23:00,IP Address,75.204.94.165,100,64,True,11/6/24 23:00,R_3fDXKWy45DHWPUE,33.5065,-112.0664,anonymous,EN,1,38,Female,,White / Caucasian / European (non-Hispanic),,No,Lower-level manager (supervise one or more employees),Yes,No,No,2,2
11/6/24 23:05,11/6/24 23:06,IP Address,77.96.194.143,100,61,True,11/6/24 23:06,R_2nw2IG41xXbMgG2,51.8659,-2.2059,anonymous,EN,1,35,Female,,White / Caucasian / European (non-Hispanic),,No,Mid-level,Yes,No,No,5,10
11/6/24 23:06,11/6/24 23:08,IP Address,86.189.167.115,100,81,True,11/6/24 23:08,R_2wBLcPNTljxLRTq,53.3933,-2.1336,anonymous,EN,1,43,Male,,White / Caucasian / European (non-Hispanic),,No,Mid-level,Yes,No,Yes,3,11
11/6/24 23:14,11/6/24 23:14,IP Address,92.40.180.159,100,44,True,11/6/24 23:14,R_8qKEbX8EraNtA6o,53.5328,-2.2794,anonymous,EN,1,46,Female,,White / Caucasian / European (non-Hispanic),,No,Lower-level manager (supervise one or more employees),No,No,No,15,5
11/6/24 23:14,11/6/24 23:15,IP Address,80.46.219.200,100,68,True,11/6/24 23:15,R_8hmktpFc6vF4Fsl,53.2068,-2.9886,anonymous,EN,1,38,Male,,Black / Caribbean / African / Afro Latin,,No,Senior/Executive,Yes,Yes,No,2,5
11/6/24 23:15,11/6/24 23:16,IP Address,81.179.204.52,100,76,True,11/6/24 23:16,R_8OwaELvV2JT7QPP,53.5382,-1.0585,anonymous,EN,1,26,Female,,White / Caucasian / European (non-Hispanic),,No,Lower-level manager (supervise one or more employees),No,No,Yes,7,3
11/6/24 23:15,11/6/24 23:16,IP Address,51.14.94.252,100,58,True,11/6/24 23:16,R_85LRnjmNeMbCRss,51.4914,0.1007,anonymous,EN,1,53,Male,,White / Caucasian / European (non-Hispanic),,No,Lower-level manager (supervise one or more employees),Yes,No,No,35,18
11/6/24 23:17,11/6/24 23:17,IP Address,86.176.31.89,100,41,True,11/6/24 23:17,R_2hQYMpjYdpKGMX2,51.9045,-0.1984,anonymous,EN,1,36,Male,,White / Caucasian / European (non-Hispanic),,No,Senior/Executive,Yes,No,No,2,12
11/6/24 23:16,11/6/24 23:18,IP Address,2.220.126.39,100,70,True,11/6/24 23:18,R_8jUtr4OIBjjnC7h,55.8473,-4.1825,anonymous,EN,,28,Male,,White / Caucasian / European (non-Hispanic),,No,Senior/Executive,Yes,Yes,Yes,2,2
11/6/24 23:21,11/6/24 23:21,IP Address,31.94.14.43,100,39,True,11/6/24 23:21,R_8K2wFetZdgq2YC6,52.1283,-0.4839,anonymous,EN,1,40,Female,,White / Caucasian / European (non-Hispanic),,No,Mid-level,Yes,Yes,Yes,2,7
11/6/24 23:19,11/6/24 23:21,IP Address,83.67.219.221,100,123,True,11/6/24 23:21,R_8eCNLHk5aiPx8iT,50.8345,-0.186,anonymous,EN,1,45,Female,,White / Caucasian / European (non-Hispanic),,No,Mid-level,Yes,No,No,18,6
11/6/24 23:25,11/6/24 23:27,IP Address,89.240.0.153,100,126,True,11/6/24 23:27,R_2DBGreh15mBUQOm,51.418,-0.1752,anonymous,EN,1,30,Male,,Black / Caribbean / African / Afro Latin,,No,Mid-level,Yes,Yes,Yes,6,3
11/6/24 23:29,11/6/24 23:30,IP Address,90.242.43.68,100,41,True,11/6/24 23:30,R_2as5jLmpGwRTkS2,51.3414,-1.1149,anonymous,EN,1,32,Female,,White / Caucasian / European (non-Hispanic),,No,Mid-level,No,No,No,7,5
11/6/24 23:28,11/6/24 23:30,IP Address,89.240.0.153,100,120,True,11/6/24 23:30,R_8xPeF48JXjYRXAw,51.418,-0.1752,anonymous,EN,,64,Male,,Black / Caribbean / African / Afro Latin,,No,Mid-level,Yes,Yes,Yes,7,5
11/6/24 23:33,11/6/24 23:34,IP Address,86.16.58.156,100,69,True,11/6/24 23:34,R_2LUPwQQxf1wIvMp,51.5213,-0.2715,anonymous,EN,1,27,Female,,Asian / Indian / Southeast Asian,,No,Lower-level manager (supervise one or more employees),No,No,No,2,1
11/6/24 23:41,11/6/24 23:42,IP Address,31.55.70.35,100,59,True,11/6/24 23:42,R_8gkFsvNE9fJ7JCK,51.529,-0.06,anonymous,EN,0.6000000238,29,Male,,White / Caucasian / European (non-Hispanic),,No,Lower-level manager (supervise one or more employees),Yes,No,Yes,2,2
11/6/24 23:48,11/6/24 23:49,IP Address,82.33.61.148,100,65,True,11/6/24 23:49,R_2CjJbRdkQtvfeud,52.4099,-1.8141,anonymous,EN,1,32,Male,,White / Caucasian / European (non-Hispanic),,No,Mid-level,No,No,Yes,8,3
11/6/24 23:50,11/6/24 23:51,IP Address,193.164.20.149,100,84,True,11/6/24 23:51,R_2lxII09c8XTxvJD,51.5348,0.0418,anonymous,EN,1,40,Female,,Mixed / Multiple Identity,,No,Lower-level manager (supervise one or more employees),No,No,No,8,4
11/6/24 23:52,11/6/24 23:54,IP Address,81.168.14.33,100,108,True,11/6/24 23:54,R_8pJxgZyDBVmgYzI,51.4964,-0.1224,anonymous,EN,1,47,Male,,White / Caucasian / European (non-Hispanic),,No,Lower-level manager (supervise one or more employees),No,No,Yes,17,6
11/6/24 23:55,11/6/24 23:55,IP Address,2.102.241.109,100,38,True,11/6/24 23:55,R_2PXDB2PGaGtSBbd,54.8859,-2.9148,anonymous,EN,1,41,Male,,White / Caucasian / European (non-Hispanic),,No,Lower-level manager (supervise one or more employees),Yes,No,No,10,10
11/6/24 23:58,11/6/24 23:59,IP Address,194.207.237.83,100,71,True,11/6/24 23:59,R_8P5luETVlBamLI6,53.7606,-0.3734,anonymous,EN,1,29,Female,,White / Caucasian / European (non-Hispanic),,No,Entry-level non-management / Individual contributor (do not supervise anyone),No,No,No,6,1
11/6/24 23:58,11/6/24 23:59,IP Address,81.149.146.74,100,64,True,11/6/24 23:59,R_2p5NDvxNGJ0L3eV,51.7382,-1.5997,anonymous,EN,1,64,Female,,White / Caucasian / European (non-Hispanic),,No,Senior/Executive,No,No,No,17,30
11/6/24 23:59,11/7/24 0:00,IP Address,86.176.28.176,100,58,True,11/7/24 0:00,R_2qaZuj0lsA4FNLG,52.6264,0.7201,anonymous,EN,0.8999999762,59,Male,,White / Caucasian / European (non-Hispanic),,Yes,Lower-level manager (supervise one or more employees),Yes,Yes,Yes,23,6
11/6/24 23:57,11/7/24 0:03,IP Address,166.169.66.156,100,331,True,11/7/24 0:03,R_1MB5O5z42QPjuPD,28.6344,-81.6221,anonymous,EN,1,41,Male,,Black / Caribbean / African / Afro Latin,,No,Mid-level,Yes,Yes,Yes,8,12
11/7/24 0:03,11/7/24 0:04,IP Address,92.31.137.43,100,87,True,11/7/24 0:04,R_2SDBIj3ZRMaoxPt,51.4932,0.3411,anonymous,EN,1,44,Male,,Asian / Indian / Southeast Asian,,No,Lower-level manager (supervise one or more employees),Yes,No,No,8,5
11/7/24 0:01,11/7/24 0:06,IP Address,94.10.16.166,100,266,True,11/7/24 0:06,R_8Pbf5Ui7ekLBaBH,55.8995,-3.5237,anonymous,EN,1,40,Female,,Asian / Indian / Southeast Asian,,No,Lower-level manager (supervise one or more employees),No,No,No,2,7
11/7/24 0:06,11/7/24 0:07,IP Address,86.183.96.82,100,67,True,11/7/24 0:07,R_2Myg5DcMmWQpfAw,51.4866,-3.1549,anonymous,EN,1,29,Female,,White / Caucasian / European (non-Hispanic),,No,Lower-level manager (supervise one or more employees),Yes,Yes,Yes,2,2
11/7/24 0:07,11/7/24 0:07,IP Address,81.132.99.166,100,44,True,11/7/24 0:07,R_2BmTfIf7s2th7JW,54.3333,-7.8,anonymous,EN,1,43,Female,,White / Caucasian / European (non-Hispanic),,No,Mid-level,Yes,No,No,10,10
11/7/24 0:11,11/7/24 0:13,IP Address,90.214.24.37,100,106,True,11/7/24 0:13,R_8MQYg0TdN9KLLkn,55.867,-4.2621,anonymous,EN,1,25,Male,,White / Caucasian / European (non-Hispanic),,No,Lower-level manager (supervise one or more employees),Yes,No,No,2,1
11/7/24 0:13,11/7/24 0:14,IP Address,89.22.199.16,100,53,True,11/7/24 0:14,R_2V3fiyltyZtuJrR,52.2265,-2.2246,anonymous,EN,1,37,Female,,White / Caucasian / European (non-Hispanic),,No,Lower-level manager (supervise one or more employees),Yes,No,No,10,0
11/7/24 0:13,11/7/24 0:14,IP Address,94.9.250.90,100,72,True,11/7/24 0:14,R_2kuAEz7JyhM6LtN,53.8258,-1.5205,anonymous,EN,0.8999999762,51,Male,,Mixed / Multiple Identity,,Yes,Mid-level,Yes,Yes,Yes,19,13
11/7/24 0:20,11/7/24 0:21,IP Address,77.101.0.176,100,83,True,11/7/24 0:21,R_2CEBlSwB7yumKxM,53.7095,-1.4993,anonymous,EN,1,39,Female,,White / Caucasian / European (non-Hispanic),,No,Lower-level manager (supervise one or more employees),No,No,No,7,9
11/7/24 0:20,11/7/24 0:22,IP Address,86.159.243.236,100,127,True,11/7/24 0:22,R_2OMOFUTdMuuzVI2,51.5591,-0.2283,anonymous,EN,1,42,Male,,Asian / Indian / Southeast Asian,,No,Lower-level manager (supervise one or more employees),No,No,No,6,3
11/7/24 0:25,11/7/24 0:26,IP Address,82.2.149.15,100,78,True,11/7/24 0:26,R_2GlgDcktA76pisO,52.2466,-0.8633,anonymous,EN,1,25,Male,,Black / Caribbean / African / Afro Latin,,No,Mid-level,No,No,No,3,2
11/7/24 0:27,11/7/24 0:28,IP Address,152.37.91.238,100,59,True,11/7/24 0:28,R_8EnXXqabYmXdLPX,51.5064,-0.02,anonymous,EN,1,38,Male,,White / Caucasian / European (non-Hispanic),,No,Lower-level manager (supervise one or more employees),No,No,No,6,3
11/7/24 0:32,11/7/24 0:33,IP Address,83.106.158.49,100,66,True,11/7/24 0:33,R_8CCxBrIr6JBj97w,51.5181,0.194,anonymous,EN,1,31,Female,,White / Caucasian / European (non-Hispanic),,No,Mid-level,No,No,No,10,3
11/7/24 0:33,11/7/24 0:34,IP Address,147.161.144.126,100,46,True,11/7/24 0:34,R_8GfVyENymK84soy,51.5074,-0.1196,anonymous,EN,1,52,Male,,White / Caucasian / European (non-Hispanic),,No,Lower-level manager (supervise one or more employees),No,No,No,12,6
11/7/24 0:34,11/7/24 0:35,IP Address,149.102.45.222,100,45,True,11/7/24 0:35,R_8N47gdM0E4FV8Uu,51.9729,-2.906,anonymous,EN,1,36,Male,,White / Caucasian / European (non-Hispanic),,No,Senior/Executive,Yes,Yes,Yes,6,6
11/7/24 0:36,11/7/24 0:37,IP Address,72.240.209.94,100,75,True,11/7/24 0:37,R_3DvhXLTVBhNuFkR,41.703,-83.571,anonymous,EN,1,33,Female,,Other (please specify),Biracial,No,Lower-level manager (supervise one or more employees),Yes,Yes,Yes,1,10
11/7/24 0:36,11/7/24 0:37,IP Address,80.44.20.77,100,53,True,11/7/24 0:37,R_8OBrLaAXyTXWguD,51.6011,-3.2744,anonymous,EN,1,39,Female,,White / Caucasian / European (non-Hispanic),,No,Lower-level manager (supervise one or more employees),No,No,No,2,5
11/7/24 0:41,11/7/24 0:42,IP Address,94.1.188.98,100,55,True,11/7/24 0:42,R_8Hjmm8xpcTFg3sv,52.3236,-2.0525,anonymous,EN,1,41,Female,,Asian / Indian / Southeast Asian,,Yes,Lower-level manager (supervise one or more employees),No,No,No,3,5
11/7/24 0:50,11/7/24 0:51,IP Address,90.242.204.131,100,55,True,11/7/24 0:51,R_25A5Asj7VqHZOCt,55.8857,-4.151,anonymous,EN,1,42,Male,,White / Caucasian / European (non-Hispanic),,No,Mid-level,Yes,No,Yes,16,8
11/7/24 0:52,11/7/24 0:54,IP Address,77.103.248.45,100,118,True,11/7/24 0:54,R_2pnzcUCvrwMGDQA,55.945,-3.7459,anonymous,EN,1,64,Female,,White / Caucasian / European (non-Hispanic),,No,Mid-level,Yes,No,No,22,35
11/7/24 0:56,11/7/24 0:58,IP Address,31.94.11.31,100,94,True,11/7/24 0:58,R_8TIeEggHAYw5Ei9,52.4918,-1.8598,anonymous,EN,1,34,Female,,White / Caucasian / European (non-Hispanic),,No,Lower-level manager (supervise one or more employees),Yes,Yes,Yes,2,3
11/7/24 0:57,11/7/24 0:58,IP Address,90.198.138.231,100,80,True,11/7/24 0:58,R_2G7IPEatH2txb8h,54.5396,-5.975,anonymous,EN,1,26,Female,,White / Caucasian / European (non-Hispanic),,Yes,Lower-level manager (supervise one or more employees),Yes,No,No,3,3
11/7/24 0:58,11/7/24 0:59,IP Address,82.6.199.71,100,49,True,11/7/24 0:59,R_8JRAb44az9yDDa2,51.24,-0.0973,anonymous,EN,1,48,Female,,White / Caucasian / European (non-Hispanic),,No,Mid-level,No,No,No,24,3
11/7/24 1:00,11/7/24 1:00,IP Address,195.89.82.179,100,44,True,11/7/24 1:01,R_89v6Oex68YZyJOE,51.4169,-0.2777,anonymous,EN,1,37,Male,,White / Caucasian / European (non-Hispanic),,No,Mid-level,Yes,No,No,2,5
11/7/24 1:02,11/7/24 1:03,IP Address,5.67.5.235,100,59,True,11/7/24 1:03,R_8ZOBu99zmpVu75j,50.506,-3.6101,anonymous,EN,1,39,Male,,White / Caucasian / European (non-Hispanic),,No,Mid-level,Yes,No,Yes,7,10
11/7/24 1:04,11/7/24 1:05,IP Address,149.50.3.1,100,42,True,11/7/24 1:05,R_8dMGyAYygiKJM2e,53.0477,-2.378,anonymous,EN,1,44,Male,,White / Caucasian / European (non-Hispanic),,No,Mid-level,No,No,No,17,13
11/7/24 1:05,11/7/24 1:07,IP Address,81.147.11.97,100,81,True,11/7/24 1:07,R_8dYYwIU5WJwpvNZ,51.418,-0.1752,anonymous,EN,1,36,Male,,Mixed / Multiple Identity,,No,Mid-level,Yes,Yes,Yes,3,10
11/7/24 1:09,11/7/24 1:10,IP Address,31.51.193.54,100,59,True,11/7/24 1:10,R_2GwwJcsOhY81Z23,50.4163,-5.0768,anonymous,EN,1,59,Female,,White / Caucasian / European (non-Hispanic),,No,Entry-level non-management / Individual contributor (do not supervise anyone),Yes,No,No,6,3
11/7/24 1:15,11/7/24 1:17,IP Address,176.253.163.41,100,103,True,11/7/24 1:17,R_8DY8Tm6sN6gwTWF,52.9595,-0.3887,anonymous,EN,1,29,Female,,Black / Caribbean / African / Afro Latin,,No,Lower-level manager (supervise one or more employees),Yes,Yes,Yes,2,1
11/7/24 1:21,11/7/24 1:23,IP Address,86.9.170.161,100,86,True,11/7/24 1:23,R_2imnMTHy1whzXbf,51.6041,-0.1682,anonymous,EN,1,43,Female,,Asian / Indian / Southeast Asian,,No,Mid-level,Yes,No,No,1,1
11/7/24 1:31,11/7/24 1:32,IP Address,85.255.232.137,100,80,True,11/7/24 1:32,R_2GvqfiUORLCwY3N,51.4964,-0.1224,anonymous,EN,0.6000000238,31,Female,,White / Caucasian / European (non-Hispanic),,Yes,Entry-level non-management / Individual contributor (do not supervise anyone),No,No,No,3,2
11/7/24 1:37,11/7/24 1:38,IP Address,86.6.95.190,100,91,True,11/7/24 1:38,R_81zRj2Ay03V3Fbk,50.3601,-4.1423,anonymous,EN,1,32,Male,,White / Caucasian / European (non-Hispanic),,No,Lower-level manager (supervise one or more employees),No,No,No,7,5
11/7/24 1:41,11/7/24 1:43,IP Address,90.247.133.243,100,94,True,11/7/24 1:43,R_8hkCNZ278OnzyuJ,55.9632,-3.2546,anonymous,EN,1,36,Female,,Asian / Indian / Southeast Asian,,No,Mid-level,Yes,Yes,No,2,6
11/7/24 1:48,11/7/24 1:48,IP Address,31.121.67.68,100,44,True,11/7/24 1:48,R_8gOb3NAkHKPHUbE,54.6471,-7.2127,anonymous,EN,1,26,Female,,Asian / Indian / Southeast Asian,,No,Lower-level manager (supervise one or more employees),No,No,No,3,1
11/7/24 1:48,11/7/24 1:52,IP Address,212.116.254.210,100,228,True,11/7/24 1:52,R_7teWyP1jPU8r2pN,39.0469,-77.4903,anonymous,EN,1,58,Male,,Black / Caribbean / African / Afro Latin,,No,Mid-level,Yes,No,No,7,8
11/7/24 2:00,11/7/24 2:01,IP Address,92.20.253.54,100,44,True,11/7/24 2:01,R_8aQd42bZylY1Off,51.4863,0.1822,anonymous,EN,1,25,Female,,Mixed / Multiple Identity,,No,Lower-level manager (supervise one or more employees),Yes,No,Yes,3,2
11/7/24 2:07,11/7/24 2:08,IP Address,90.198.228.81,100,101,True,11/7/24 2:08,R_8g5SUjfLy9tKTWw,54.5396,-5.975,anonymous,EN,1,42,Female,,White / Caucasian / European (non-Hispanic),,No,Mid-level,No,No,No,15,10
11/7/24 2:11,11/7/24 2:12,IP Address,86.162.108.64,100,51,True,11/7/24 2:12,R_2FIDV7KE6aiigNV,53.5676,-1.584,anonymous,EN,1,39,Male,,White / Caucasian / European (non-Hispanic),,No,Mid-level,Yes,No,No,9,3
11/7/24 2:11,11/7/24 2:12,IP Address,2.120.93.231,100,68,True,11/7/24 2:12,R_82Pw23ol6xzFjpK,53.7881,-1.6008,anonymous,EN,1,52,Female,,White / Caucasian / European (non-Hispanic),,No,Mid-level,No,No,No,8,25
11/7/24 2:12,11/7/24 2:13,IP Address,31.94.28.193,100,52,True,11/7/24 2:13,R_8AFF4jISRqOJaOi,53.4702,-2.2305,anonymous,EN,1,47,Female,,White / Caucasian / European (non-Hispanic),,No,Lower-level manager (supervise one or more employees),Yes,Yes,No,10,5
11/7/24 2:12,11/7/24 2:13,IP Address,86.1.99.142,100,48,True,11/7/24 2:13,R_8idclVQNLMOYPSN,51.4643,-0.0119,anonymous,EN,1,33,Female,,White / Caucasian / European (non-Hispanic),,No,Lower-level manager (supervise one or more employees),No,No,No,13,4
11/7/24 2:16,11/7/24 2:17,IP Address,68.39.64.155,100,60,True,11/7/24 2:17,R_5YUq2r4TeqPr0mB,39.8487,-86.3782,anonymous,EN,1,51,Female,,White / Caucasian / European (non-Hispanic),,No,Lower-level manager (supervise one or more employees),Yes,No,Yes,1,36
11/7/24 2:21,11/7/24 2:23,IP Address,86.30.217.174,100,93,True,11/7/24 2:23,R_2EafBd7pYSmh4K0,51.4416,0.1447,anonymous,EN,1,56,Female,,White / Caucasian / European (non-Hispanic),,No,Mid-level,No,Yes,No,18,16
11/7/24 2:22,11/7/24 2:24,IP Address,51.146.71.34,100,103,True,11/7/24 2:24,R_8T30lbgrgvc3fNL,55.9133,-3.0129,anonymous,EN,1,47,Male,,White / Caucasian / European (non-Hispanic),,No,Senior/Executive,Yes,Yes,Yes,9,11
11/7/24 2:28,11/7/24 2:30,IP Address,90.243.102.209,100,134,True,11/7/24 2:30,R_2uQ2mMW8H1lWQj7,53.4474,-2.3808,anonymous,EN,1,57,Male,,White / Caucasian / European (non-Hispanic),,No,Lower-level manager (supervise one or more employees),No,No,No,18,11
11/7/24 2:31,11/7/24 2:32,IP Address,136.226.166.183,100,61,True,11/7/24 2:32,R_894leZ2xcR01pQO,51.5074,-0.1196,anonymous,EN,1,27,Female,,White / Caucasian / European (non-Hispanic),,No,Lower-level manager (supervise one or more employees),No,No,No,2,2
11/7/24 2:37,11/7/24 2:38,IP Address,195.162.107.183,100,44,True,11/7/24 2:38,R_8N2PemD62OMn0wh,51.3878,-0.2945,anonymous,EN,1,28,Female,,White / Caucasian / European (non-Hispanic),,No,Lower-level manager (supervise one or more employees),Yes,No,Yes,7,4
11/7/24 2:41,11/7/24 2:42,IP Address,62.164.250.133,100,58,True,11/7/24 2:42,R_3PzcAWJAmoOIPGg,37.751,-97.822,anonymous,EN,1,21,Male,,Black / Caribbean / African / Afro Latin,,No,Lower-level manager (supervise one or more employees),Yes,Yes,Yes,3,2
11/7/24 2:42,11/7/24 2:43,IP Address,77.96.202.16,100,57,True,11/7/24 2:43,R_2dDLvs5qP1mgWTz,51.8686,-2.2446,anonymous,EN,1,46,Male,,White / Caucasian / European (non-Hispanic),,No,Senior/Executive,No,No,No,6,13
11/7/24 2:46,11/7/24 2:47,IP Address,31.54.6.89,100,41,True,11/7/24 2:47,R_2yYl58B0WaCxSWl,50.8345,-0.186,anonymous,EN,1,29,Male,,White / Caucasian / European (non-Hispanic),,No,Lower-level manager (supervise one or more employees),Yes,No,Yes,3,1
11/7/24 2:47,11/7/24 2:47,IP Address,109.156.10.224,100,41,True,11/7/24 2:47,R_8eDA97SZkVyN8K4,53.2298,-1.456,anonymous,EN,1,24,Male,,Asian / Indian / Southeast Asian,,No,Mid-level,No,No,No,2,1
11/7/24 3:54,11/7/24 3:55,IP Address,31.49.178.165,100,64,True,11/7/24 3:55,R_8IQP2boIrK7tQDj,51.5338,-0.4542,anonymous,EN,1,35,Female,,White / Caucasian / European (non-Hispanic),,No,Mid-level,Yes,Yes,No,10,5
11/7/24 3:56,11/7/24 3:58,IP Address,172.58.56.100,100,97,True,11/7/24 3:58,R_7DdcDZGP395AlCC,39.7321,-104.9555,anonymous,EN,1,64,Male,,Black / Caribbean / African / Afro Latin,,No,Senior/Executive,Yes,Yes,Yes,16,5
11/7/24 4:13,11/7/24 4:15,IP Address,51.191.135.50,100,102,True,11/7/24 4:15,R_2PjukooZnPC5k4N,52.0361,-0.7006,anonymous,EN,1,38,Male,,White / Caucasian / European (non-Hispanic),,No,Lower-level manager (supervise one or more employees),No,Yes,No,5,2
11/7/24 4:16,11/7/24 4:18,IP Address,90.218.249.125,100,70,True,11/7/24 4:18,R_8FLljR9oasznWtZ,53.5866,-2.4354,anonymous,EN,1,31,Female,,White / Caucasian / European (non-Hispanic),,No,Lower-level manager (supervise one or more employees),No,No,No,6,3
11/7/24 4:25,11/7/24 4:27,IP Address,89.243.10.177,100,93,True,11/7/24 4:27,R_869MRI6MJwP49d9,51.6056,0.0124,anonymous,EN,1,32,Female,,Black / Caribbean / African / Afro Latin,,No,Mid-level,Yes,Yes,Yes,2,2
11/7/24 4:28,11/7/24 4:30,IP Address,81.108.152.6,100,85,True,11/7/24 4:30,R_81j8d6mS6jcoFYB,51.2911,-1.0528,anonymous,EN,1,24,Female,,Black / Caribbean / African / Afro Latin,,No,Entry-level non-management / Individual contributor (do not supervise anyone),No,No,Yes,Under 1 year,Under a year
11/7/24 4:50,11/7/24 4:51,IP Address,149.88.2.64,100,50,True,11/7/24 4:51,R_8P0Fyao9hyvKd7w,51.6552,-0.3879,anonymous,EN,1,35,Female,,White / Caucasian / European (non-Hispanic),,No,Lower-level manager (supervise one or more employees),No,No,No,2,2
11/7/24 4:51,11/7/24 4:51,IP Address,82.40.115.247,100,34,True,11/7/24 4:51,R_8CPlchJBBEcWK1d,53.3858,-1.4616,anonymous,EN,1,29,Other (please specify),Non binary,White / Caucasian / European (non-Hispanic),,No,Lower-level manager (supervise one or more employees),No,No,No,2,2
11/7/24 4:55,11/7/24 4:56,IP Address,80.42.22.178,100,63,True,11/7/24 4:56,R_2SC0kvmUzwDrfsR,50.916,-1.4993,anonymous,EN,1,33,Male,,White / Caucasian / European (non-Hispanic),,No,Lower-level manager (supervise one or more employees),No,No,No,15,15
11/7/24 4:56,11/7/24 4:57,IP Address,73.108.192.236,100,64,True,11/7/24 4:57,R_3JDvlkcMyV2twjy,36.0499,-83.9228,anonymous,EN,1,53,Female,,White / Caucasian / European (non-Hispanic),,No,Mid-level,Yes,Yes,Yes,10,10
11/7/24 4:57,11/7/24 4:58,IP Address,217.39.94.85,100,58,True,11/7/24 4:58,R_8EBbNTbAwM2Iu7A,51.5598,-0.0096,anonymous,EN,1,28,Female,,Black / Caribbean / African / Afro Latin,,No,Lower-level manager (supervise one or more employees),No,No,No,6,4
11/7/24 4:56,11/7/24 5:10,IP Address,82.71.190.205,100,813,True,11/7/24 5:10,R_8NExtyE87I9rM7D,51.3507,-0.2015,anonymous,EN,1,35,Female,,White / Caucasian / European (non-Hispanic),,No,Lower-level manager (supervise one or more employees),No,No,No,6,6
11/7/24 5:15,11/7/24 5:16,IP Address,86.133.110.157,100,54,True,11/7/24 5:16,R_21bpuaWPKODcgYI,57.1386,-2.1761,anonymous,EN,1,21,Female,,White / Caucasian / European (non-Hispanic),,No,Lower-level manager (supervise one or more employees),No,No,No,3,1
11/7/24 5:23,11/7/24 5:24,IP Address,172.56.76.45,100,58,True,11/7/24 5:24,R_3YidXUTCxrO6CKv,28.5464,-81.2585,anonymous,EN,1,27,Female,,White / Caucasian / European (non-Hispanic),,No,Mid-level,Yes,No,Yes,4,6
11/7/24 5:22,11/7/24 5:25,IP Address,31.94.18.164,100,166,True,11/7/24 5:25,R_8H2xVSr1qnOjT8D,51.5026,-0.066,anonymous,EN,0.8000000119,31,Other (please specify),non binary,Mixed / Multiple Identity,,Yes,Senior/Executive,Yes,Yes,Yes,10,7
11/7/24 5:42,11/7/24 5:43,IP Address,92.40.217.6,100,88,True,11/7/24 5:43,R_8gXBxRXkDco0kQk,52.4867,-1.8989,anonymous,EN,1,28,Male,,White / Caucasian / European (non-Hispanic),,No,Mid-level,Yes,Yes,Yes,12,5
11/7/24 6:01,11/7/24 6:02,IP Address,45.81.74.146,100,47,True,11/7/24 6:02,R_8Eo7lZO7BSAz2j2,51.5074,-0.1196,anonymous,EN,1,27,Female,,White / Caucasian / European (non-Hispanic),,No,Lower-level manager (supervise one or more employees),No,No,No,2,1
11/7/24 6:06,11/7/24 6:06,IP Address,73.178.221.11,100,39,True,11/7/24 6:06,R_5jv4bNdB8Kw2tf6,39.91,-75.0748,anonymous,EN,1,45,Female,,White / Caucasian / European (non-Hispanic),,No,Lower-level manager (supervise one or more employees),Yes,No,No,12,8
11/7/24 6:15,11/7/24 6:15,IP Address,86.171.151.105,100,33,True,11/7/24 6:15,R_2KYNgHnNRxPDVhW,53.9573,-1.0837,anonymous,EN,1,38,Female,,Mixed / Multiple Identity,,No,Senior/Executive,Yes,No,Yes,7,5
11/7/24 6:15,11/7/24 6:15,IP Address,157.231.145.203,100,38,True,11/7/24 6:15,R_2tF3Ux5huoQ3Ac3,53.682,-2.9115,anonymous,EN,1,61,Female,,White / Caucasian / European (non-Hispanic),,No,Mid-level,Yes,Yes,Yes,19,10
11/7/24 6:48,11/7/24 6:49,IP Address,213.137.80.45,100,83,True,11/7/24 6:49,R_22gdYIaXTpCKUj7,51.5074,-0.1196,anonymous,EN,1,25,Male,,Black / Caribbean / African / Afro Latin,,No,Lower-level manager (supervise one or more employees),Yes,Yes,Yes,3,1.5
11/7/24 7:07,11/7/24 7:08,IP Address,188.28.197.150,100,67,True,11/7/24 7:08,R_2t3Zv4NGmfaHg4V,51.5263,-0.3559,anonymous,EN,1,23,Female,,White / Caucasian / European (non-Hispanic),,No,Lower-level manager (supervise one or more employees),Yes,No,Yes,2,2
11/7/24 7:15,11/7/24 7:16,IP Address,82.132.239.157,100,43,True,11/7/24 7:16,R_24HjejivwE53Xhz,53.4994,-2.2433,anonymous,EN,0.6999999881,33,Female,,White / Caucasian / European (non-Hispanic),,No,Lower-level manager (supervise one or more employees),No,No,Yes,3,8
11/7/24 7:19,11/7/24 7:20,IP Address,188.28.197.150,100,60,True,11/7/24 7:20,R_8DyqDdZsZKNn1bb,51.5263,-0.3559,anonymous,EN,1,24,Male,,White / Caucasian / European (non-Hispanic),,No,Lower-level manager (supervise one or more employees),No,Yes,Yes,2,1
11/7/24 7:31,11/7/24 7:31,IP Address,67.158.44.252,100,56,True,11/7/24 7:32,R_6P64KSk2BE2yeUU,44.6725,-103.8615,anonymous,EN,1,53,Female,,White / Caucasian / European (non-Hispanic),,No,Mid-level,Yes,No,No,3,5
11/7/24 7:35,11/7/24 7:36,IP Address,85.92.160.164,100,37,True,11/7/24 7:36,R_8JDwuIccUWtpgK3,51.2539,0.5327,anonymous,EN,1,48,Male,,White / Caucasian / European (non-Hispanic),,No,Mid-level,No,No,No,24,7
11/7/24 7:52,11/7/24 7:53,IP Address,188.30.79.224,100,83,True,11/7/24 7:53,R_8KPZi8CrzhGp4zN,50.8858,-1.24,anonymous,EN,1,33,Male,,Black / Caribbean / African / Afro Latin,,No,Mid-level,Yes,No,Yes,2,2
11/7/24 8:09,11/7/24 8:11,IP Address,166.205.132.45,100,150,True,11/7/24 8:11,R_6Sk5oOpRa1XLvf2,34.0526,-118.2122,anonymous,EN,1,44,Male,,Black / Caribbean / African / Afro Latin,,No,Mid-level,Yes,Yes,Yes,17,10
11/7/24 8:14,11/7/24 8:15,IP Address,141.211.9.245,100,43,True,11/7/24 8:15,R_7pQzq6QRf2QVUo7,42.2807,-83.7801,anonymous,EN,1,44,Female,,White / Caucasian / European (non-Hispanic),,No,Mid-level,Yes,No,No,24,10
11/7/24 8:12,11/7/24 8:16,IP Address,68.169.141.186,100,245,True,11/7/24 8:16,R_5x4WV5LOdUXr1Pr,35.1212,-85.3034,anonymous,EN,1,47,Male,,Black / Caribbean / African / Afro Latin,,No,Mid-level,Yes,No,No,10,15
11/7/24 8:25,11/7/24 8:27,IP Address,86.153.225.31,100,78,True,11/7/24 8:27,R_8PSGoywnGBs1ho3,53.9275,-3.0053,anonymous,EN,1,38,Female,,White / Caucasian / European (non-Hispanic),,Yes,Mid-level,Yes,Yes,Yes,15,5
11/7/24 8:27,11/7/24 8:29,IP Address,50.35.86.10,100,70,True,11/7/24 8:29,R_7GEd2HnIa6LJfRT,47.7946,-122.2193,anonymous,EN,1,44,Male,,White / Caucasian / European (non-Hispanic),,No,Lower-level manager (supervise one or more employees),Yes,No,No,4,2
11/7/24 8:34,11/7/24 8:34,IP Address,24.187.251.43,100,33,True,11/7/24 8:34,R_5YPtPQ9BkEFljJh,40.6665,-73.5455,anonymous,EN,1,30,Male,,Asian / Indian / Southeast Asian,,No,Senior/Executive,No,No,No,7,5
11/7/24 8:40,11/7/24 8:40,IP Address,172.58.39.79,100,39,True,11/7/24 8:40,R_1LtisLqslxe8kWA,38.581,-121.4939,anonymous,EN,1,29,Male,,"Hispanic / Latino/ Latinx, non-white",,No,Mid-level,Yes,No,Yes,1,6
11/7/24 9:03,11/7/24 9:04,IP Address,172.59.97.198,100,76,True,11/7/24 9:04,R_7VyTXQTAVAeJ3O1,43.1193,-87.9505,anonymous,EN,1,52,Male,,American Indian / Alaska Native / Indigenous,,No,Lower-level manager (supervise one or more employees),No,No,No,6,6
11/7/24 9:03,11/7/24 9:05,IP Address,86.30.243.17,100,71,True,11/7/24 9:05,R_22GhLFr6QJIwD7R,53.1369,-1.1995,anonymous,EN,1,43,Female,,White / Caucasian / European (non-Hispanic),,No,Mid-level,Yes,No,No,20,15
11/7/24 9:27,11/7/24 9:28,IP Address,67.82.86.16,100,60,True,11/7/24 9:28,R_5H2Jl7HA65Wm6eS,40.0923,-74.2252,anonymous,EN,1,42,Female,,White / Caucasian / European (non-Hispanic),,No,Lower-level manager (supervise one or more employees),Yes,No,Yes,6,4
11/7/24 9:28,11/7/24 9:29,IP Address,130.45.123.162,100,64,True,11/7/24 9:29,R_5hwQYfywM6ihMwV,31.0682,-97.392,anonymous,EN,1,47,Female,,White / Caucasian / European (non-Hispanic),,Yes,Senior/Executive,No,No,No,10,20
11/7/24 9:29,11/7/24 9:30,IP Address,5.66.195.92,100,49,True,11/7/24 9:30,R_8zRVlqycSeBrWwS,51.8659,-2.2059,anonymous,EN,1,46,Female,,White / Caucasian / European (non-Hispanic),,No,Mid-level,Yes,Yes,No,4,10
11/7/24 9:34,11/7/24 9:35,IP Address,86.1.144.228,100,49,True,11/7/24 9:35,R_2qHSVnKlvT9ffbI,53.5495,-2.7659,anonymous,EN,1,42,Female,,White / Caucasian / European (non-Hispanic),,No,Lower-level manager (supervise one or more employees),Yes,Yes,No,3,9
11/7/24 9:42,11/7/24 9:43,IP Address,24.116.131.122,100,68,True,11/7/24 9:43,R_5QPCnJc68mL2HcV,34.7392,-112.0099,anonymous,EN,1,58,Female,,White / Caucasian / European (non-Hispanic),,Yes,Senior/Executive,No,No,No,19,19
11/7/24 9:50,11/7/24 9:51,IP Address,172.58.251.198,100,74,True,11/7/24 9:51,R_1A7Eov9BpFdjDJT,35.2296,-80.843,anonymous,EN,1,21,Female,,White / Caucasian / European (non-Hispanic),,No,Entry-level non-management / Individual contributor (do not supervise anyone),No,No,No,2,1
11/7/24 9:53,11/7/24 9:54,IP Address,136.33.211.19,100,50,True,11/7/24 9:54,R_6sARw7zamtLm99v,38.9887,-94.6341,anonymous,EN,1,57,Female,,White / Caucasian / European (non-Hispanic),,No,Mid-level,Yes,Yes,Yes,33,15
11/7/24 10:04,11/7/24 10:06,IP Address,81.130.167.68,100,85,True,11/7/24 10:06,R_8Y3KolwAmQ6khmV,55.6013,-4.3878,anonymous,EN,1,42,Female,,White / Caucasian / European (non-Hispanic),,No,Mid-level,Yes,No,No,16,10
11/7/24 10:26,11/7/24 10:42,IP Address,97.120.187.168,100,954,True,11/7/24 10:42,R_5irLTkk1XNGbKtP,45.4383,-122.6147,anonymous,EN,1,51,Female,,White / Caucasian / European (non-Hispanic),,No,Lower-level manager (supervise one or more employees),No,No,No,13,10
11/7/24 11:10,11/7/24 11:11,IP Address,73.21.214.50,100,69,True,11/7/24 11:11,R_5VwF6pxwXPD5LEY,28.9274,-81.9819,anonymous,EN,1,64,Male,,"Hispanic / Latino/ Latinx, non-white",,No,Mid-level,Yes,Yes,Yes,29,15
11/7/24 11:23,11/7/24 11:23,IP Address,172.58.116.161,100,50,True,11/7/24 11:23,R_60762O313HtyX8T,33.7256,-117.9119,anonymous,EN,1,27,Female,,White / Caucasian / European (non-Hispanic),,Yes,Mid-level,No,No,No,2,.5
11/7/24 11:48,11/7/24 11:49,IP Address,94.0.132.22,100,45,True,11/7/24 11:49,R_8EZ6oUEOZu7FwXv,53.5113,-2.4696,anonymous,EN,1,25,Male,,White / Caucasian / European (non-Hispanic),,No,Mid-level,Yes,No,Yes,3,1
11/7/24 11:55,11/7/24 11:56,IP Address,76.150.99.106,100,38,True,11/7/24 11:56,R_1fBsKigO4ONAm1Y,42.0492,-87.7812,anonymous,EN,1,24,Male,,Black / Caribbean / African / Afro Latin,,No,Entry-level non-management / Individual contributor (do not supervise anyone),Yes,No,Yes,1,3
11/7/24 11:56,11/7/24 11:57,IP Address,174.192.66.141,100,56,True,11/7/24 11:57,R_3EhSlXJXYqk5amx,42.6669,-88.263,anonymous,EN,1,59,Female,,White / Caucasian / European (non-Hispanic),,No,Mid-level,No,Yes,No,14,14
11/7/24 12:01,11/7/24 12:02,IP Address,47.220.164.205,100,61,True,11/7/24 12:02,R_7fs1qaM2a5Jg6xQ,30.4421,-97.6339,anonymous,EN,1,37,Female,,White / Caucasian / European (non-Hispanic),,No,Senior/Executive,Yes,No,No,9,9
11/7/24 13:07,11/7/24 13:08,IP Address,80.193.189.141,100,59,True,11/7/24 13:08,R_8T8mPwZH65pPex3,51.3488,-0.0321,anonymous,EN,1,34,Female,,Black / Caribbean / African / Afro Latin,,No,Senior/Executive,Yes,Yes,No,11,3
11/7/24 13:39,11/7/24 13:40,IP Address,35.145.178.229,100,58,True,11/7/24 13:40,R_3YhJWcj9faeDRq4,27.7363,-82.6654,anonymous,EN,1,37,Female,,White / Caucasian / European (non-Hispanic),,No,Mid-level,Yes,Yes,Yes,16,10
11/7/24 13:40,11/7/24 13:41,IP Address,94.0.220.47,100,58,True,11/7/24 13:41,R_20EXy5EMXgAGWJj,50.916,-1.4993,anonymous,EN,1,35,Female,,Asian / Indian / Southeast Asian,,No,Entry-level non-management / Individual contributor (do not supervise anyone),No,No,No,1,0
11/7/24 13:44,11/7/24 13:48,IP Address,174.170.139.113,100,241,True,11/7/24 13:48,R_3U5jYgDyq3bPLPQ,29.8772,-95.6938,anonymous,EN,1,53,Female,,Black / Caribbean / African / Afro Latin,,No,Mid-level,No,No,No,3,4
11/7/24 15:10,11/7/24 15:11,IP Address,86.175.47.135,100,67,True,11/7/24 15:11,R_8EaMZXk4MUIjzdY,53.7128,-1.8515,anonymous,EN,1,32,Female,,Mixed / Multiple Identity,,No,Lower-level manager (supervise one or more employees),Yes,No,No,3,4
11/7/24 15:58,11/7/24 16:00,IP Address,173.168.192.200,100,170,True,11/7/24 16:01,R_59HcoRXIUAqEG09,27.959,-82.4938,anonymous,EN,1,43,Male,,Black / Caribbean / African / Afro Latin,,No,Mid-level,Yes,No,Yes,19,13
11/7/24 16:12,11/7/24 16:13,IP Address,160.3.186.42,100,70,True,11/7/24 16:13,R_7c5pI0nImr7iqxH,35.6669,-101.3963,anonymous,EN,1,33,Male,,White / Caucasian / European (non-Hispanic),,Yes,Entry-level non-management / Individual contributor (do not supervise anyone),Yes,No,No,2,8
11/7/24 16:23,11/7/24 16:24,IP Address,24.165.132.16,100,80,True,11/7/24 16:24,R_1MSf59rcsgdVvzg,42.1297,-80.0624,anonymous,EN,1,37,Male,,White / Caucasian / European (non-Hispanic),,No,Lower-level manager (supervise one or more employees),Yes,No,No,7,5
11/7/24 17:17,11/7/24 17:18,IP Address,172.56.216.168,100,69,True,11/7/24 17:18,R_7KVqfEqcdlO9mRT,39.9934,-75.1425,anonymous,EN,1,36,Male,,Black / Caribbean / African / Afro Latin,,No,Senior/Executive,Yes,Yes,No,13,9
11/7/24 18:45,11/7/24 18:46,IP Address,35.148.142.45,100,70,True,11/7/24 18:46,R_72Ex9zUHIczXSlz,36.7328,-76.5898,anonymous,EN,1,33,Male,,Black / Caribbean / African / Afro Latin,,No,Mid-level,No,No,No,4,1
11/7/24 20:20,11/7/24 20:21,IP Address,70.186.223.88,100,55,True,11/7/24 20:21,R_3Cpo7JIeISrEkTE,36.7969,-76.1797,anonymous,EN,1,39,Female,,Black / Caribbean / African / Afro Latin,,No,Lower-level manager (supervise one or more employees),Yes,Yes,Yes,1,4
11/7/24 21:21,11/7/24 21:22,IP Address,73.53.254.37,100,58,True,11/7/24 21:22,R_5im4G4cMKmWhW5N,30.2183,-81.5621,anonymous,EN,1,47,Female,,Asian / Indian / Southeast Asian,,No,Mid-level,Yes,Yes,Yes,21,9
11/7/24 21:55,11/7/24 21:56,IP Address,75.174.120.122,100,48,True,11/7/24 21:56,R_3kZk39ZyARZbVgn,43.6502,-116.4343,anonymous,EN,1,35,Male,,White / Caucasian / European (non-Hispanic),,Yes,Senior/Executive,No,No,No,6,6
11/7/24 23:08,11/7/24 23:09,IP Address,199.187.215.79,100,82,True,11/7/24 23:09,R_3s7NcWajSUazyfa,34.5741,-112.4982,anonymous,EN,1,52,Female,,White / Caucasian / European (non-Hispanic),,Yes,Senior/Executive,Yes,No,No,21,15
11/8/24 1:30,11/8/24 1:31,IP Address,81.132.121.191,100,54,True,11/8/24 1:31,R_8niPf1oHLfxueir,53.4994,-2.2433,anonymous,EN,1,53,Female,,White / Caucasian / European (non-Hispanic),,Yes,Senior/Executive,Yes,Yes,No,4,12
11/8/24 1:56,11/8/24 1:58,IP Address,107.77.216.81,100,103,True,11/8/24 1:58,R_1HjBZkqAq4dbbl2,28.6344,-81.6221,anonymous,EN,0.6999999881,38,Male,,Black / Caribbean / African / Afro Latin,,No,Lower-level manager (supervise one or more employees),Yes,Yes,Yes,6,3
11/8/24 3:33,11/8/24 3:34,IP Address,185.69.145.166,100,56,True,11/8/24 3:34,R_2D0VfBWcEJ5Jlgl,51.4964,-0.1224,anonymous,EN,1,39,Male,,White / Caucasian / European (non-Hispanic),,No,Mid-level,Yes,Yes,Yes,2,15
11/8/24 5:03,11/8/24 5:04,IP Address,173.184.203.135,100,47,True,11/8/24 5:04,R_67kdbnuJOCcOApG,33.9978,-83.7124,anonymous,EN,1,40,Male,,White / Caucasian / European (non-Hispanic),,No,Lower-level manager (supervise one or more employees),No,No,No,1,6
11/8/24 5:36,11/8/24 5:37,IP Address,71.31.13.171,100,57,True,11/8/24 5:37,R_7s14yb6a3Wl3RPw,38.3326,-82.9489,anonymous,EN,1,39,Male,,White / Caucasian / European (non-Hispanic),,No,Lower-level manager (supervise one or more employees),Yes,No,No,9,4
11/8/24 5:46,11/8/24 5:47,IP Address,86.172.196.67,100,46,True,11/8/24 5:47,R_2dYIrM8VEwdgUk9,51.4108,-0.6754,anonymous,EN,1,52,Female,,White / Caucasian / European (non-Hispanic),,No,Lower-level manager (supervise one or more employees),No,No,No,14,5
11/8/24 6:50,11/8/24 6:51,IP Address,174.105.194.43,100,51,True,11/8/24 6:51,R_5O5Cu4HoahRFsrL,40.0732,-82.4017,anonymous,EN,1,56,Female,,White / Caucasian / European (non-Hispanic),,No,Mid-level,No,Yes,No,11,30
11/8/24 7:07,11/8/24 7:09,IP Address,82.9.61.71,100,91,True,11/8/24 7:09,R_8iLrKoMdMobFEoV,51.9124,-0.3846,anonymous,EN,1,36,Female,,White / Caucasian / European (non-Hispanic),,No,Lower-level manager (supervise one or more employees),Yes,Yes,Yes,9,3
11/8/24 7:26,11/8/24 7:27,IP Address,172.56.232.61,100,53,True,11/8/24 7:27,R_6Jnp9crWbOfHWBg,34.0251,-118.1556,anonymous,EN,1,35,Female,,American Indian / Alaska Native / Indigenous,,No,Lower-level manager (supervise one or more employees),Yes,Yes,No,12,3
11/8/24 9:42,11/8/24 9:45,IP Address,172.56.97.73,100,166,True,11/8/24 9:45,R_3DXmKCqchYOJ5ct,28.0508,-82.4484,anonymous,EN,1,52,Male,,White / Caucasian / European (non-Hispanic),,No,Mid-level,No,No,No,2,10
11/8/24 10:53,11/8/24 10:54,IP Address,86.30.240.45,100,39,True,11/8/24 10:54,R_80qoUjpO5L1PbQ7,53.3933,-2.1336,anonymous,EN,1,36,Female,,White / Caucasian / European (non-Hispanic),,Yes,Senior/Executive,Yes,Yes,Yes,4,10
11/8/24 10:58,11/8/24 10:59,IP Address,104.138.232.122,100,53,True,11/8/24 10:59,R_5qxtv5K8Hvl9yrk,36.0682,-80.2928,anonymous,EN,1,27,Male,,Black / Caribbean / African / Afro Latin,,No,Entry-level non-management / Individual contributor (do not supervise anyone),Yes,No,Yes,7,2
11/8/24 12:08,11/8/24 12:09,IP Address,172.58.183.220,100,58,True,11/8/24 12:09,R_3DvyIfFFqTC96pI,32.8666,-96.9927,anonymous,EN,1,38,Female,,White / Caucasian / European (non-Hispanic),,No,Senior/Executive,Yes,No,No,8,12
11/8/24 16:51,11/8/24 16:52,IP Address,99.166.71.36,100,63,True,11/8/24 16:52,R_37QLKwHdTVWLsak,32.9636,-96.7468,anonymous,EN,1,42,Female,,White / Caucasian / European (non-Hispanic),,No,Mid-level,Yes,No,No,5,15
11/9/24 13:44,11/9/24 13:46,IP Address,94.192.112.114,100,84,True,11/9/24 13:46,R_8lltjfOsK7aU6sO,55.9082,-4.2292,anonymous,EN,1,33,Male,,Black / Caribbean / African / Afro Latin,,No,Mid-level,No,No,No,2,3
11/9/24 16:11,11/9/24 16:13,IP Address,51.190.70.152,100,102,True,11/9/24 16:13,R_2qV9yb3crALoDxK,52.4994,-2.0188,anonymous,EN,1,40,Female,,White / Caucasian / European (non-Hispanic),,No,Mid-level,No,Yes,No,9,9
11/9/24 23:43,11/9/24 23:43,IP Address,2.123.205.150,100,48,True,11/9/24 23:44,R_2pgTH2tzebfCQwu,51.6486,-3.2437,anonymous,EN,1,28,Female,,White / Caucasian / European (non-Hispanic),,No,Entry-level non-management / Individual contributor (do not supervise anyone),No,No,No,0,0
11/10/24 3:10,11/10/24 3:11,IP Address,172.56.73.109,100,51,True,11/10/24 3:11,R_3zijO2YdtjgjXHh,28.5521,-81.301,anonymous,EN,1,32,Male,,White / Caucasian / European (non-Hispanic),,No,Mid-level,Yes,Yes,Yes,6,3
11/10/24 14:22,11/10/24 14:23,IP Address,166.182.87.68,100,72,True,11/10/24 14:23,R_7DAr1vMMSFIpAFE,37.751,-97.822,anonymous,EN,1,44,Female,,White / Caucasian / European (non-Hispanic),,No,Mid-level,Yes,No,Yes,5,4
11/11/24 4:23,11/11/24 4:24,IP Address,82.28.134.210,100,50,True,11/11/24 4:24,R_8rGyySLuUaD7eFh,51.5747,-1.7823,anonymous,EN,1,29,Male,,White / Caucasian / European (non-Hispanic),,No,Mid-level,Yes,No,No,0,7
11/11/24 5:56,11/11/24 5:57,IP Address,86.8.219.151,100,77,True,11/11/24 5:57,R_2RrVSO0bCWS83Fb,51.4098,-0.0249,anonymous,EN,1,29,Male,,Mixed / Multiple Identity,,No,Mid-level,No,No,No,7,3
11/12/24 1:09,11/12/24 1:10,IP Address,86.188.78.196,100,47,True,11/12/24 1:10,R_8EYXTvpK4f6A2e0,55.1298,-1.5626,anonymous,EN,1,25,Male,,White / Caucasian / European (non-Hispanic),,No,Lower-level manager (supervise one or more employees),Yes,No,Yes,2,3